{"assets/config/config.json":["assets/config/config.json"],"assets/fonts/IRANSansWeb(FaNum).ttf":["assets/fonts/IRANSansWeb(FaNum).ttf"],"assets/fonts/IRANSansWeb.ttf":["assets/fonts/IRANSansWeb.ttf"],"assets/fonts/IRANSansWeb_Bold.ttf":["assets/fonts/IRANSansWeb_Bold.ttf"],"assets/images/Scheme.png":["assets/images/Scheme.png"],"assets/images/add.png":["assets/images/add.png"],"assets/images/branch-logo.png":["assets/images/branch-logo.png"],"assets/images/cashier-machine.png":["assets/images/cashier-machine.png"],"assets/images/cashier.png":["assets/images/cashier.png"],"assets/images/company-default.jpg":["assets/images/company-default.jpg"],"assets/images/cross.png":["assets/images/cross.png"],"assets/images/customer.png":["assets/images/customer.png"],"assets/images/dashboard.png":["assets/images/dashboard.png"],"assets/images/discount.png":["assets/images/discount.png"],"assets/images/enter.png":["assets/images/enter.png"],"assets/images/fbr-pos.png":["assets/images/fbr-pos.png"],"assets/images/ic_camera.png":["assets/images/ic_camera.png"],"assets/images/icons8-approval-64.png":["assets/images/icons8-approval-64.png"],"assets/images/invoice.png":["assets/images/invoice.png"],"assets/images/minus-sign.png":["assets/images/minus-sign.png"],"assets/images/plus-sign.png":["assets/images/plus-sign.png"],"assets/images/point-of-sale.png":["assets/images/point-of-sale.png"],"assets/images/pos-check-out.jpg":["assets/images/pos-check-out.jpg"],"assets/images/pos-new.jpg":["assets/images/pos-new.jpg"],"assets/images/posdash.png":["assets/images/posdash.png"],"assets/images/posdash2.png":["assets/images/posdash2.png"],"assets/images/price.png":["assets/images/price.png"],"assets/images/reload.png":["assets/images/reload.png"],"assets/images/setting.png":["assets/images/setting.png"],"assets/images/splendid-logo.jpg":["assets/images/splendid-logo.jpg"],"assets/images/whatsapp.png":["assets/images/whatsapp.png"],"packages/cupertino_icons/assets/CupertinoIcons.ttf":["packages/cupertino_icons/assets/CupertinoIcons.ttf"],"packages/esc_pos_utils_plus/resources/capabilities.json":["packages/esc_pos_utils_plus/resources/capabilities.json"],"packages/flutter_pos_printer_platform/assets/resources/capabilities.json":["packages/flutter_pos_printer_platform/assets/resources/capabilities.json"],"packages/flutter_pos_printer_platform/resources/capabilities.json":["packages/flutter_pos_printer_platform/resources/capabilities.json"],"packages/font_awesome_flutter/lib/fonts/fa-brands-400.ttf":["packages/font_awesome_flutter/lib/fonts/fa-brands-400.ttf"],"packages/font_awesome_flutter/lib/fonts/fa-regular-400.ttf":["packages/font_awesome_flutter/lib/fonts/fa-regular-400.ttf"],"packages/font_awesome_flutter/lib/fonts/fa-solid-900.ttf":["packages/font_awesome_flutter/lib/fonts/fa-solid-900.ttf"],"packages/iconsax_flutter/fonts/FlutterIconsax.ttf":["packages/iconsax_flutter/fonts/FlutterIconsax.ttf"],"packages/window_manager/images/ic_chrome_close.png":["packages/window_manager/images/ic_chrome_close.png"],"packages/window_manager/images/ic_chrome_maximize.png":["packages/window_manager/images/ic_chrome_maximize.png"],"packages/window_manager/images/ic_chrome_minimize.png":["packages/window_manager/images/ic_chrome_minimize.png"],"packages/window_manager/images/ic_chrome_unmaximize.png":["packages/window_manager/images/ic_chrome_unmaximize.png"]}